ELECTION,OFFICECD,RECIPID,CANCLASS,RECIPNAME,COMMITTEE,FILING,SCHEDULE,PAGENO,SEQUENCENO,REFNO,DATE,REFUNDDATE,NAME,last name,first name,C_CODE,STRNO,STRNAME,APARTMENT,BOROUGHCD,CITY,STATE,ZIP,OCCUPATION,EMPNAME,EMPSTRNO,EMPSTRNAME,EMPCITY,EMPSTATE,AMNT,MATCHAMNT,PREVAMNT,PAY_METHOD,INTERMNO,INTERMNAME,INTSTRNO,INTSTRNM,INTAPTNO,INTCITY,INTST,INTZIP,INTEMPNAME,INTEMPSTNO,INTEMPSTNM,INTEMPCITY,INTEMPST,INTOCCUPA,PURPOSECD,EXEMPTCD,ADJTYPECD,RR_IND,SEG_IND,INT_C_CODE
2025,5,2984,P,"Santana, Raymond",H,8,ABC,,,R0000454,3/13/25,,Wilmalie Aguilar,Aguilar,Wilmalie,IND,,,,M,New York,NY,10035,Youth Care Worker,Cayuga Centers,1916,Park Ave,New York,NY,10,10,0,4,,,,,,,,,,,,,,,,,,N,N,
2025,5,2984,P,"Santana, Raymond",H,8,ABC,,,R0000022,2/25/25,,Olivia Almagro,Almagro,Olivia,IND,,,,Z,Biscayne Park,FL,33161,Public Relations Consultant,Self-Employed,690,Northeast 121st Street,Biscayne Park,FL,25,0,0,4,,,,,,,,,,,,,,,,,,N,N,
2025,5,2984,P,"Santana, Raymond",H,8,ABC,,,R0000221,3/7/25,,Madeline Alvarado,Alvarado,Madeline,IND,,,,Z,West Haven,CT,6516,Care coordinator,Substance abuse,Na,New Haven,New Haven,CT,25,0,0,4,,,,,,,,,,,,,,,,,,N,N,
2025,5,2984,P,"Santana, Raymond",H,8,ABC,,,R0000395,3/12/25,,Foluke Arthurton,Arthurton,Foluke,IND,,,,X,Bronx,NY,10470,Student,,,,,,50,50,0,4,,,,,,,,,,,,,,,,,,N,N,
2025,5,2984,P,"Santana, Raymond",H,8,ABC,,,R0000219,3/7/25,,Oscar Ayala,Ayala,Oscar,IND,,,,M,New York,NY,10029,Doorman,Cushman & wakefield,200,East 87th Street,New York,NY,25,25,0,4,,,,,,,,,,,,,,,,,,N,N,
2025,5,2984,P,"Santana, Raymond",H,8,ABC,,,R0000324,3/10/25,,craig balsam,balsam,craig,IND,,,,M,New York,NY,10013,Retired,,,,,,175,175,0,4,,,,,,,,,,,,,,,,,,N,N,
2025,5,2984,P,"Santana, Raymond",H,8,ABC,,,R0000101,3/4/25,,Kara Beckett,Beckett,Kara,IND,,,,Z,Atlanta,GA,30331,Social Worker,Self-Employed,3633,Ramsey Close Sw,Atlanta,GA,75,0,0,4,,,,,,,,,,,,,,,,,,N,N,
2025,5,2984,P,"Santana, Raymond",H,8,ABC,,,R0000060,3/1/25,,Sharon Beckman,Beckman,Sharon,IND,,,,Z,Wellesley,MA,2482,Law Professor,Boston College,885,Centre Street,Newton,MA,250,0,0,4,,,,,,,,,,,,,,,,,,N,N,
2025,5,2984,P,"Santana, Raymond",H,8,ABC,,,R0000275,3/9/25,,Joel Bergstein,Bergstein,Joel,IND,,,,M,New york,NY,10128,Executive,Linque,1,Meadowlands Pz,East Rutjerford,NJ,175,0,0,4,,,,,,,,,,,,,,,,,,N,N,
2025,5,2984,P,"Santana, Raymond",H,8,ABC,,,R0000455,3/13/25,, Donna Bolanos,Bolanos, Donna,IND,,,,Z,Lyndhurst,NJ,7071,IT Analyst,Self-Employed,New,Remote,New York,NY,25,0,0,4,,,,,,,,,,,,,,,,,,N,N,
2025,5,2984,P,"Santana, Raymond",H,8,ABC,,,R0000039,2/26/25,, Kelly Boss,Boss, Kelly,IND,,,,Z,Santa Barbara,CA,93108,Retired,,,,,,25,0,0,4,,,,,,,,,,,,,,,,,,N,N,
2025,5,2984,P,"Santana, Raymond",H,8,ABC,,,R0000248,3/8/25,, Valerie Bradley,Bradley, Valerie,IND,,,,M,New York,NY,10035,Retired,,,,,,25,25,0,4,,,,,,,,,,,,,,,,,,N,N,
2025,5,2984,P,"Santana, Raymond",H,8,ABC,,,R0000144,3/5/25,, Maurice Brandon,Brandon, Maurice,IND,,,,X,The Bronx,NY,10454,Specialist,Elkins,1114,6th Avenue,New York,NY,25,25,0,4,,,,,,,,,,,,,,,,,,N,N,
2025,5,2984,P,"Santana, Raymond",H,8,ABC,,,R0000274,3/9/25,, CINQUE BRATHWAITE,BRATHWAITE, CINQUE,IND,,,,M,NEW YORK,NY,10026,EDUCATIONAL CONSULTANT,Self-Employed,133,West 113th Street,New York,NY,50,50,0,4,,,,,,,,,,,,,,,,,,N,N,
2025,5,2984,P,"Santana, Raymond",H,8,ABC,,,R0000148,3/5/25,, Rebecca Brown,Brown, Rebecca,IND,,,,K,Brooklyn,NY,11238,"Policy Advisor, co-founder of",Self-Employed,415,St Johns Place,Brooklyn,NY,175,175,0,4,,,,,,,,,,,,,,,,,,N,N,
2025,5,2984,P,"Santana, Raymond",H,8,ABC,,,R0000096,3/4/25,, Carrie Bryson,Bryson, Carrie,IND,,,,Z,Charlotte,NC,28269,Nurse,Caromont health,2525,Court Drive,Gastonia,NC,25,0,0,4,,,,,,,,,,,,,,,,,,N,N,
2025,5,2984,P,"Santana, Raymond",H,8,ABC,,,R0000043,2/27/25,, Reggie Buggs,Buggs, Reggie,IND,,,,Z,Garfield,NJ,7026,Bio-Med Tech,Englewood Health,350,Engle Street,Englewood,NJ,25,0,0,4,,,,,,,,,,,,,,,,,,N,N,
2025,5,2984,P,"Santana, Raymond",H,8,ABC,,,R0000438,3/13/25,, Ronald Burroughs,Burroughs, Ronald,IND,,,,Z,Lillington,NC,27546,Homemaker,,,,,,25,0,0,4,,,,,,,,,,,,,,,,,,N,N,
2025,5,2984,P,"Santana, Raymond",H,8,ABC,,,R0000447,3/13/25,, Warren Butler,Butler, Warren,IND,,,,M,New York,NY,10035,Licensed Real Estate Salespers,Self-Employed,360,Madison Avenue,New York,NY,50,50,0,4,,,,,,,,,,,,,,,,,,N,N,
2025,5,2984,P,"Santana, Raymond",H,8,ABC,,,R0000369,3/11/25,, Gary Cagle,Cagle, Gary,IND,,,,Z,Bridgeport,CT,6604,Bus Operator,NYCTA-BUS,721,"Malcolm X Blvd, New York, NY, US",New York,NY,10,0,0,4,,,,,,,,,,,,,,,,,,N,N,
2025,5,2984,P,"Santana, Raymond",H,8,ABC,,,R0000013,2/25/25,, Daniele Campbell,Campbell, Daniele,IND,,,,M,New York,NY,10016,Marketing,JP Morgan,277,Park Ave.,New York,NY,175,175,0,4,,,,,,,,,,,,,,,,,,N,N,
2025,5,2984,P,"Santana, Raymond",H,8,ABC,,,R0000040,2/26/25,, Lillian Cari침o,Cari침o, Lillian,IND,,,,M,New York,NY,10027,Retired,,,,,,100,100,0,4,,,,,,,,,,,,,,,,,,N,N,
2025,5,2984,P,"Santana, Raymond",H,8,ABC,,,R0000486,3/13/25,, Lewis Carter,Carter, Lewis,IND,,,,M,"New York,NY",NY,10029,Co founder,Traffic Stop,2130,1st Avenue,New York,NY,25,25,0,4,,,,,,,,,,,,,,,,,,N,N,
2025,5,2984,P,"Santana, Raymond",H,8,ABC,,,R0000152,3/5/25,, Zanique Carty,Carty, Zanique,IND,,,,X,The Bronx,NY,10451,Student,,,,,,1050,175,0,4,,,,,,,,,,,,,,,,,,N,N,
2025,5,2984,P,"Santana, Raymond",H,8,ABC,,,R0000097,3/4/25,, LeVar Charles,Charles, LeVar,IND,,,,Z,Beltsville,MD,20705,Litigation Docket Specialist,Morgan Lewis,1111,Pennsylvania Avenue Northwest,Washington,DC,10,0,0,4,,,,,,,,,,,,,,,,,,N,N,
2025,5,2984,P,"Santana, Raymond",H,8,ABC,,,R0000099,3/4/25,, Travis Charles,Charles, Travis,IND,,,,Z,Poughkeepsie,NY,12603,Conductor,MTA,89,East 42nd Street,New York,NY,100,0,0,4,,,,,,,,,,,,,,,,,,N,N,
2025,5,2984,P,"Santana, Raymond",H,8,ABC,,,R0000019,2/25/25,, Lisa Collett,Collett, Lisa,IND,,,,Z,Edina,MN,55435,Financial Operations,SS&C Technologies,7650,Edinborough Way,Minneapolis,MN,50,0,0,4,,,,,,,,,,,,,,,,,,N,N,
2025,5,2984,P,"Santana, Raymond",H,8,ABC,,,R0000149,3/5/25,, Zachary Cooper,Cooper, Zachary,IND,,,,Z,Los Angeles,CA,90043,Unemployed,,,,,,300,0,0,4,,,,,,,,,,,,,,,,,,N,N,
2025,5,2984,P,"Santana, Raymond",H,8,ABC,,,R0000290,3/9/25,, jason cruz,cruz, jason,IND,,,,M,New York,NY,10029,liaison,ny state,55,East 115th Street,New York,NY,10,10,0,4,,,,,,,,,,,,,,,,,,N,N,
2025,5,2984,P,"Santana, Raymond",H,8,ABC,,,R0000397,3/12/25,, Linda Daitz,Daitz, Linda,IND,,,,M,New York,NY,10028,Retired,,,,,,175,175,0,4,,,,,,,,,,,,,,,,,,N,N,
2025,5,2984,P,"Santana, Raymond",H,8,ABC,,,R0000330,3/10/25,, Ezekiel Dixon-Rom치n,Dixon-Rom치n, Ezekiel,IND,,,,X,Bronx,NY,10451,Professor,"Teachers College, Columbia Uni",525,West 125th Street,New York,NY,25,25,0,4,,,,,,,,,,,,,,,,,,N,N,
2025,5,2984,P,"Santana, Raymond",H,8,ABC,,,R0000061,3/1/25,, Sabrina Duckworth,Duckworth, Sabrina,IND,,,,Z,Ottawa,,K1N 7Z9,Nurse,The Ottawa Hospital,1053,Carling Avenue,Ottawa,,25,0,0,4,,,,,,,,,,,,,,,,,,N,N,
2025,5,2984,P,"Santana, Raymond",H,8,ABC,,,R0000396,3/12/25,, Deborah Edell,Edell, Deborah,IND,,,,M,New York,NY,10021,Homemaker,,,,,,175,175,0,4,,,,,,,,,,,,,,,,,,N,N,
2025,5,2984,P,"Santana, Raymond",H,8,ABC,,,R0000367,3/11/25,, Mia Edmondson,Edmondson, Mia,IND,,,,M,New York,NY,10029,Quality Control,1199SEIU Benefit and Pension F,498,7th Avenue,New York,NY,25,25,0,4,,,,,,,,,,,,,,,,,,N,N,
2025,5,2984,P,"Santana, Raymond",H,8,ABC,,,R0000439,3/13/25,, Lauren Fixel,Fixel, Lauren,IND,,,,M,New York,NY,10028,Philanthropist,Self-Employed,65,E 55th Street,New York,NY,1050,175,0,4,,,,,,,,,,,,,,,,,,N,N,
2025,5,2984,P,"Santana, Raymond",H,8,ABC,,,R0000388,3/12/25,, Lee Fixel,Fixel, Lee,IND,,,,M,New York,NY,10028,Investor,Addition,65,E 55th Street,New York,NY,1050,175,0,4,,,,,,,,,,,,,,,,,,N,N,
2025,5,2984,P,"Santana, Raymond",H,8,ABC,,,R0000084,3/4/25,, Alexander Freedman,Freedman, Alexander,IND,,,,K,Brooklyn,NY,11215,SVP,Mercury Public Affairs,200,Varick Street,New York,NY,100,100,0,4,,,,,,,,,,,,,,,,,,N,N,
2025,5,2984,P,"Santana, Raymond",H,8,ABC,,,R0000450,3/13/25,, Louis Garcia,Garcia, Louis,IND,,,,Z,Yonkers,NY,10710,Quality Control,1199 Benefit and Pension Funds,498,7th Avenue,New York,NY,50,0,0,4,,,,,,,,,,,,,,,,,,N,N,
2025,5,2984,P,"Santana, Raymond",H,8,ABC,,,R0000537,3/13/25,, Michael J Garner,Garner, Michael J,IND,,,,M,New York,NY,10026,Executive Managment,City of New York,253,Broadway,New York,NY,250,175,0,2,,,,,,,,,,,,,,,,,,N,N,
2025,5,2984,P,"Santana, Raymond",H,8,ABC,,,R0000287,3/9/25,, Erica Gerson,Gerson, Erica,IND,,,,M,New York,NY,10024,Homemaker,,,,,,175,175,0,4,,,,,,,,,,,,,,,,,,N,N,
2025,5,2984,P,"Santana, Raymond",H,8,ABC,,,R0000288,3/9/25,, Mark Gerson,Gerson, Mark,IND,,,,M,New York,NY,10024,Business,Self-Employed,250,West 81st Street,New York,NY,175,175,0,4,,,,,,,,,,,,,,,,,,N,N,
2025,5,2984,P,"Santana, Raymond",H,8,ABC,,,R0000216,3/7/25,, Charisse Gibbs,Gibbs, Charisse,IND,,,,M,New York,NY,10035,Retired,,,,,,10,10,0,4,,,,,,,,,,,,,,,,,,N,N,
2025,5,2984,P,"Santana, Raymond",H,8,ABC,,,R0000291,3/9/25,, Gary Ginsberg,Ginsberg, Gary,IND,,,,M,New York,NY,10014,Unemployed,,,,,,175,0,0,4,,,,,,,,,,,,,,,,,,N,N,
2025,5,2984,P,"Santana, Raymond",H,8,ABC,,,R0000292,3/9/25,, Gary Ginsberg,Ginsberg, Gary,IND,,,,M,New York,NY,10014,Unemployed,,,,,,175,175,0,4,,,,,,,,,,,,,,,,,,N,N,
2025,5,2984,P,"Santana, Raymond",H,8,ABC,,,R0000453,3/13/25,, Alma Gonzalez,Gonzalez, Alma,IND,,,,Z,Middletown,NY,10940,Quality Assurance,1199 - Benefit Fund Staff Asso,498,7th Avenue,New York,NY,15,0,0,4,,,,,,,,,,,,,,,,,,N,N,
2025,5,2984,P,"Santana, Raymond",H,8,ABC,,,R0000102,3/4/25,, James Goodman,Goodman, James,IND,,,,Z,Villanova,PA,19085,Finance,Deed street,3,P.O. Box 3,Conshohocken,PA,250,0,0,4,,,,,,,,,,,,,,,,,,N,N,
2025,5,2984,P,"Santana, Raymond",H,8,ABC,,,R0000539,3/13/25,, Pamela Green-Perkins,Green-Perkins, Pamela,IND,,,,M,New York,NY,10026,Retired,,,,,,250,175,0,2,,,,,,,,,,,,,,,,,,N,N,
2025,5,2984,P,"Santana, Raymond",H,8,ABC,,,R0000200,3/6/25,, Stephanie Griffin,Griffin, Stephanie,IND,,,,Z,Narragansett,RI,2882,Special Education Teacher at C,Access Point RI,333,Dyer Avenue,Cranston,RI,25,0,0,4,,,,,,,,,,,,,,,,,,N,N,
2025,5,2984,P,"Santana, Raymond",H,8,ABC,,,R0000058,2/28/25,, Dan Hamer,Hamer, Dan,IND,,,,Z,Camano island,WA,98282,CPA,Self-Employed,1025,Bayshore Drive,Camano Island,WA,50,0,0,4,,,,,,,,,,,,,,,,,,N,N,
2025,5,2984,P,"Santana, Raymond",H,8,ABC,,,R0000394,3/12/25,, Leah James,James, Leah,IND,,,,X,Bronx,NY,10458,Project Manager,AECOM,274,East 194th Street,The Bronx,NY,25,25,0,4,,,,,,,,,,,,,,,,,,N,N,
2025,5,2984,P,"Santana, Raymond",H,8,ABC,,,R0000041,2/26/25,, Christopher Leo Johnson,Johnson, Christopher Leo,IND,,,,K,Brooklyn,NY,11213,Political Media/Social Media V,Self-Employed,273,Buffalo Avenue,Brooklyn,NY,10,10,0,4,,,,,,,,,,,,,,,,,,N,N,
2025,5,2984,P,"Santana, Raymond",H,8,ABC,,,R0000328,3/10/25,, Melissa Jose,Jose, Melissa,IND,,,,M,New York,NY,10035,Digital Media Marketer,Self-Employed,2319,3rd Avenue,New York,NY,10,10,0,4,,,,,,,,,,,,,,,,,,N,N,
2025,5,2984,P,"Santana, Raymond",H,8,ABC,,,R0000329,3/10/25,, Alissa Kahn,Kahn, Alissa,IND,,,,M,New York,NY,10024,MD,St. Joseph's Health,703,Main Street,Paterson,NJ,175,175,0,4,,,,,,,,,,,,,,,,,,N,N,
2025,5,2984,P,"Santana, Raymond",H,8,ABC,,,R0000151,3/5/25,, Sekou Kamau,Kamau, Sekou,IND,,,,X,Bronx,NY,10469,Retired,,,,,,100,100,0,4,,,,,,,,,,,,,,,,,,N,N,
2025,5,2984,P,"Santana, Raymond",H,8,ABC,,,R0000391,3/12/25,, Stephanie Knepper Basman,Knepper Basman, Stephanie,IND,,,,M,New York,NY,10028,Lawyer,SKA Marin,98,Cuttermill Road,Great Neck Plaza,NY,250,0,0,4,,,,,,,,,,,,,,,,,,N,N,
2025,5,2984,P,"Santana, Raymond",H,8,ABC,,,R0000487,3/13/25,, David Kroin,Kroin, David,IND,,,,Z,Harrison,NY,10528,Investor,Deep Track Capital,200,Greenwich Avenue,Greenwich,CT,250,0,0,4,,,,,,,,,,,,,,,,,,N,N,
2025,5,2984,P,"Santana, Raymond",H,8,ABC,,,R0000488,3/13/25,, Michelle Kroin,Kroin, Michelle,IND,,,,Z,Harrison,NY,10528,Homemaker,,,,,,250,0,0,4,,,,,,,,,,,,,,,,,,N,N,
2025,5,2984,P,"Santana, Raymond",H,8,ABC,,,R0000020,2/25/25,, Melva Lavow,Lavow, Melva,IND,,,,Z,Katy,TX,77449,Homemaker,,,,,,25,0,0,4,,,,,,,,,,,,,,,,,,N,N,
2025,5,2984,P,"Santana, Raymond",H,8,ABC,,,R0000057,2/27/25,, Eleonore Lee,Lee, Eleonore,IND,,,,Z,San Antonio,TX,78201,Art Educator & Independent Art,Self-Employed,One,Trinity Place,San Antonio,TX,25,0,0,4,,,,,,,,,,,,,,,,,,N,N,
2025,5,2984,P,"Santana, Raymond",H,8,ABC,,,R0000215,3/7/25,, Keith Lilly,Lilly, Keith,IND,,,,M,New York,NY,10029,Unemployed,,,,,,25,25,0,4,,,,,,,,,,,,,,,,,,N,N,
2025,5,2984,P,"Santana, Raymond",H,8,ABC,,,R0000218,3/7/25,, Zayequan Lilly,Lilly, Zayequan,IND,,,,M,Ny New York,NY,10026,Unemployed,,,,,,10,10,0,4,,,,,,,,,,,,,,,,,,N,N,
2025,5,2984,P,"Santana, Raymond",H,8,ABC,,,R0000247,3/8/25,, Henry Lopez,Lopez, Henry,IND,,,,Z,Hollywood,FL,33021,Manager/Lead Adjuster,Hollywood Collision Center,6030,Cleveland St,Hollywood,FL,50,0,0,4,,,,,,,,,,,,,,,,,,N,N,
2025,5,2984,P,"Santana, Raymond",H,8,ABC,,,R0000333,3/11/25,, Zeus Luby,Luby, Zeus,IND,,,,Z,Snellville,GA,30039,Director of Programming,RED Inc,75,West Wieuca Road Northeast,Atlanta,GA,50,0,0,4,,,,,,,,,,,,,,,,,,N,N,
2025,5,2984,P,"Santana, Raymond",H,8,ABC,,,R0000091,3/4/25,, C M,M, C,IND,,,,M,New York,NY,10029,Unemployed,,,,,,10,10,0,4,,,,,,,,,,,,,,,,,,N,N,
2025,5,2984,P,"Santana, Raymond",H,8,ABC,,,R0000098,3/4/25,, Michael Mallette,Mallette, Michael,IND,,,,M,New York,NY,10039,Mechanic,United States Postal Service,21-10,Whitestone Expressway,Whitestone,NY,50,50,0,4,,,,,,,,,,,,,,,,,,N,N,
2025,5,2984,P,"Santana, Raymond",H,8,ABC,,,R0000387,3/12/25,, Anthony Marquez,Marquez, Anthony,IND,,,,Z,Middletown,NY,10940,Barber,Self-Employed,18,East Main Street,Middletown,NY,25,0,0,4,,,,,,,,,,,,,,,,,,N,N,
2025,5,2984,P,"Santana, Raymond",H,8,ABC,,,R0000392,3/12/25,, Aasim Martin,Martin, Aasim,IND,,,,Z,Otisville,NY,10963,Construction,Local #79,131,West 33rd Street,New York,NY,50,0,0,4,,,,,,,,,,,,,,,,,,N,N,
2025,5,2984,P,"Santana, Raymond",H,8,ABC,,,R0000201,3/6/25,, Jasper Martin,Martin, Jasper,IND,,,,Z,Liberty,NY,12754,Unemployed,,,,,,175,0,0,4,,,,,,,,,,,,,,,,,,N,N,
2025,5,2984,P,"Santana, Raymond",H,8,ABC,,,R0000018,2/25/25,, Vanessa Moore,Moore, Vanessa,IND,,,,Z,Lantana,FL,33462,Marketing,Self-Employed,804,E Windward Way,Lantana,FL,50,0,0,4,,,,,,,,,,,,,,,,,,N,N,
2025,5,2984,P,"Santana, Raymond",H,8,ABC,,,R0000145,3/5/25,, Odalys Moreno,Moreno, Odalys,IND,,,,K,Brooklyn,NY,11209,Sr. Director of Ad Operations,Premion,485,Lexington Avenue,New York,NY,250,175,0,4,,,,,,,,,,,,,,,,,,N,N,
2025,5,2984,P,"Santana, Raymond",H,8,ABC,,,R0000286,3/9/25,, Joshua Nash,Nash, Joshua,IND,,,,M,New York,NY,10023,Investor,Ulysses Management,1,Rockefeller Plaza,New York,NY,175,0,0,4,,,,,,,,,,,,,,,,,,N,N,
2025,5,2984,P,"Santana, Raymond",H,8,ABC,,,R0000451,3/13/25,, Nina Ortiz,Ortiz, Nina,IND,,,,M,New York,NY,10035,Accounts Payable Clerk,BronxCare,1265,Fulton Avenue,The Bronx,NY,25,25,0,4,,,,,,,,,,,,,,,,,,N,N,
2025,5,2984,P,"Santana, Raymond",H,8,ABC,,,R0000146,3/5/25,, Billie Osborne,Osborne, Billie,IND,,,,Z,Atlanta,GA,30328,Consultant,Self-Employed,6050,Peachtree Parkway,Peachtree Corners,GA,10,0,0,4,,,,,,,,,,,,,,,,,,N,N,
2025,5,2984,P,"Santana, Raymond",H,8,ABC,,,R0000484,3/13/25,, Victor Pate,Pate, Victor,IND,,,,M,New York,NY,10039,C0-Director,National Religious Campaign Ag,135,West 20th Street,New York,NY,50,50,0,4,,,,,,,,,,,,,,,,,,N,N,
2025,5,2984,P,"Santana, Raymond",H,8,ABC,,,R0000143,3/5/25,, Carmen Perez,Perez, Carmen,IND,,,,M,New York,NY,10033,President & CEO,The Gathering for Justice,121,West 36th Street,New York,NY,250,175,0,4,,,,,,,,,,,,,,,,,,N,N,
2025,5,2984,P,"Santana, Raymond",H,8,ABC,,,R0000452,3/13/25,, jose perez,perez, jose,IND,,,,M,New York,NY,10035,Retired,,,,,,10,10,0,4,,,,,,,,,,,,,,,,,,N,N,
2025,5,2984,P,"Santana, Raymond",H,8,ABC,,,R0000153,3/5/25,, Andralk Pierre,Pierre, Andralk,IND,,,,K,Brooklyn,NY,11221,Fitness professional,Self-Employed,619,Putnam Avenue,Brooklyn,NY,250,175,0,4,,,,,,,,,,,,,,,,,,N,N,
2025,5,2984,P,"Santana, Raymond",H,8,ABC,,,R0000325,3/10/25,, Jason Pierre,Pierre, Jason,IND,,,,Z,Covington,GA,30016,Unemployed,,3333,Mickle Avenue,The Bronx,NY,175,0,0,4,,,,,,,,,,,,,,,,,,N,N,
2025,5,2984,P,"Santana, Raymond",H,8,ABC,,,R0000150,3/5/25,, Von Pitts,Pitts, Von,IND,,,,Z,Suwanee,GA,30024,Unemployed,,,,,,100,0,0,4,,,,,,,,,,,,,,,,,,N,N,
2025,5,2984,P,"Santana, Raymond",H,8,ABC,,,R0000095,3/4/25,, Shaun Regains,Regains, Shaun,IND,,,,Z,Lawrenceville,GA,30043,Driver,Soulutioneer Strategic,2306,Holly Springs Road,Jefferson,GA,50,0,0,4,,,,,,,,,,,,,,,,,,N,N,
2025,5,2984,P,"Santana, Raymond",H,8,ABC,,,R0000217,3/7/25,, Eugenia Rice,Rice, Eugenia,IND,,,,M,New York,NY,10026,Retired,,,,,,25,25,0,4,,,,,,,,,,,,,,,,,,N,N,
2025,5,2984,P,"Santana, Raymond",H,8,ABC,,,R0000326,3/10/25,, Johansy Richardson,Richardson, Johansy,IND,,,,Z,Wood Ridge,NJ,7075,Unemployed,,,,,,40,0,0,4,,,,,,,,,,,,,,,,,,N,N,
2025,5,2984,P,"Santana, Raymond",H,8,ABC,,,R0000198,3/6/25,, Kevin Richardson,Richardson, Kevin,IND,,,,Z,Wood-Ridge,NJ,7075,Justice Reform Advocate,Self-Employed,50,Truman Drive,Wood-Ridge,NJ,500,0,0,4,,,,,,,,,,,,,,,,,,N,N,
2025,5,2984,P,"Santana, Raymond",H,8,ABC,,,R0000449,3/13/25,, Agustin Rivera,Rivera, Agustin,IND,,,,X,The Bronx,NY,10459,Doormen,Akam associate,401,East 84th Street,New York,NY,25,25,0,4,,,,,,,,,,,,,,,,,,N,N,
2025,5,2984,P,"Santana, Raymond",H,8,ABC,,,R0000092,3/4/25,, Paul Rivera,Rivera, Paul,IND,,,,X,The Bronx,NY,10452,Sports Organizer,Self-EmployedEast Harlem Sport,916,Summit Avenue,The Bronx,NY,25,25,0,4,,,,,,,,,,,,,,,,,,N,N,
2025,5,2984,P,"Santana, Raymond",H,8,ABC,,,R0000139,3/4/25,, Kameka Roberson,Roberson, Kameka,IND,,,,Z,Eads,TN,38016,Unemployed,,,,,,50,0,0,4,,,,,,,,,,,,,,,,,,N,N,
2025,5,2984,P,"Santana, Raymond",H,8,ABC,,,R0000368,3/11/25,, Meesha Rosa,Rosa, Meesha,IND,,,,M,New York,NY,10029,Business Consulting,GCW & Associates,64,East 111th Street,New York,NY,100,100,0,4,,,,,,,,,,,,,,,,,,N,N,
2025,5,2984,P,"Santana, Raymond",H,8,ABC,,,R0000386,3/12/25,, Adeena Rosen,Rosen, Adeena,IND,,,,Z,Scarsdale,NY,10583,Homemaker,,,,,,1050,0,0,4,,,,,,,,,,,,,,,,,,N,N,
2025,5,2984,P,"Santana, Raymond",H,8,ABC,,,R0000021,2/25/25,, Alison Rosow,Rosow, Alison,IND,,,,Q,Jackson Heights,NY,11372,Social Worker,The Renaissance Charter School,35-59,81st Street,Jackson Heights,NY,25,25,0,4,,,,,,,,,,,,,,,,,,N,N,
2025,5,2984,P,"Santana, Raymond",H,8,ABC,,,R0000220,3/7/25,, Elena Santana,Santana, Elena,IND,,,,M,New York,NY,10035,Homemaker,,,,,,1050,175,0,4,,,,,,,,,,,,,,,,,,N,N,
2025,5,2984,P,"Santana, Raymond",H,8,ABC,,,R0000093,3/4/25,, JoAnn Santana,Santana, JoAnn,IND,,,,M,New York,NY,10035,Retired,,,,,,10,10,0,4,,,,,,,,,,,,,,,,,,N,N,
2025,5,2984,P,"Santana, Raymond",H,8,ABC,,,R0000285,3/9/25,, Melleab Santana,Santana, Melleab,IND,,,,Z,Flowery Branch,GA,30542,Student,,,,,,50,0,0,4,,,,,,,,,,,,,,,,,,N,N,
2025,5,2984,P,"Santana, Raymond",H,8,ABC,,,R0000246,3/8/25,, Ramon Santana,Santana, Ramon,IND,,,,M,New York,NY,10035,Unemployed,,,,,,1050,175,0,4,,,,,,,,,,,,,,,,,,N,N,
2025,5,2984,P,"Santana, Raymond",H,8,ABC,,,R0000199,3/6/25,, Raymond Santana,Santana, Raymond,IND,,,,M,New York,NY,10035,Retired,,,,,,1050,175,0,4,,,,,,,,,,,,,,,,,,N,N,
2025,5,2984,P,"Santana, Raymond",H,8,ABC,,,R0000548,2/24/25,, Raymond Santana,Santana, Raymond,CAN,,,,M,New York,NY,10035,Entrepreneur,Self-employed,2319,Third Ave,New York,NY,100,100,0,1,,,,,,,,,,,,,,,,,,N,N,
2025,5,2984,P,"Santana, Raymond",H,8,ABC,,,R0000059,2/28/25,, Robert Scott,Scott, Robert,IND,,,,M,New York,NY,10035,Administrative Assistant,City of New York,42,Broadway,New York,NY,100,100,0,4,,,,,,,,,,,,,,,,,,N,N,
2025,5,2984,P,"Santana, Raymond",H,8,ABC,,,R0000390,3/12/25,, Iesha Sekou,Sekou, Iesha,IND,,,,M,New York,NY,10030,CEO,Street Corner Resources,151,West 145 Street,New York,NY,250,0,0,4,,,,,,,,,,,,,,,,,,N,N,
2025,5,2984,P,"Santana, Raymond",H,8,ABC,,,R0000289,3/9/25,, Seth Siegel,Siegel, Seth,IND,,,,M,"New York, NY",NY,10024,Writer,Self-Employed,300,Central Park West,"New York, NY",NY,175,175,0,4,,,,,,,,,,,,,,,,,,N,N,
2025,5,2984,P,"Santana, Raymond",H,8,ABC,,,R0000327,3/10/25,, Larry Spann,Spann, Larry,IND,,,,X,The Bronx,NY,10451,Entertainment,Self-Employed,2285,3rd Avenue,New York,NY,50,50,0,4,,,,,,,,,,,,,,,,,,N,N,
2025,5,2984,P,"Santana, Raymond",H,8,ABC,,,R0000249,3/8/25,, Denise Steele,Steele, Denise,IND,,,,Z,Boothwyn,PA,19061,House Cleaning,Self-Employed,3360,Chichester Avenue,Boothwyn,PA,25,0,0,4,,,,,,,,,,,,,,,,,,N,N,
2025,5,2984,P,"Santana, Raymond",H,8,ABC,,,R0000389,3/12/25,, Edward Stern,Stern, Edward,IND,,,,M,New York,NY,10024,Business Owner,"Hartz Capital, Inc.",500,Plaza Drive,Secaucus,NJ,250,175,0,4,,,,,,,,,,,,,,,,,,N,N,
2025,5,2984,P,"Santana, Raymond",H,8,ABC,,,R0000393,3/12/25,, Ezra Stern,Stern, Ezra,IND,,,,M,New York,NY,10012,Real Estate,"Hartz Mountain Industries, Inc",500,Plaza Drive,Secaucus,NJ,250,175,0,4,,,,,,,,,,,,,,,,,,N,N,
2025,5,2984,P,"Santana, Raymond",H,8,ABC,,,R0000535,3/13/25,, Striving for a Better New York,Striving for a Better New York,,PCOMP,,,,K,Brooklyn,NY,11236,,,,,,,1050,0,0,2,,,,,,,,,,,,,,,,,,N,N,
2025,5,2984,P,"Santana, Raymond",H,8,ABC,,,R0000448,3/13/25,, Bruce Teitelbaum,Teitelbaum, Bruce,IND,,,,M,New York,NY,10023,Lawyer,Self-Employed,120,West Broadway,New York,NY,175,175,0,4,,,,,,,,,,,,,,,,,,N,N,
2025,5,2984,P,"Santana, Raymond",H,8,ABC,,,R0000141,3/5/25,, Todd Tucker,Tucker, Todd,IND,,,,Z,Atlanta,GA,30331,Tv / film,Self-Employed,658,Whitehall Street Southwest,Atlanta,GA,1050,0,0,4,,,,,,,,,,,,,,,,,,N,N,
2025,5,2984,P,"Santana, Raymond",H,8,ABC,,,R0000541,3/13/25,, Hilda Vives-Vasquez,Vives-Vasquez, Hilda,IND,,,,M,New York,NY,10029,Admin,116th Street Block Association,55,East 115th Street,New York,NY,100,100,0,1,,,,,,,,,,,,,,,,,,N,N,
2025,5,2984,P,"Santana, Raymond",H,8,ABC,,,R0000366,3/11/25,, William Vosseler,Vosseler, William,IND,,,,M,New York,NY,10035,Server,STK Steakhouse,26,Little West 12th St,New York,NY,100,100,0,4,,,,,,,,,,,,,,,,,,N,N,
2025,5,2984,P,"Santana, Raymond",H,8,ABC,,,R0000094,3/4/25,, Kyra Watts,Watts, Kyra,IND,,,,X,The Bronx,NY,10451,Grants Manager,City of Newark,920,Broad Street,Newark,NJ,25,25,0,4,,,,,,,,,,,,,,,,,,N,N,
2025,5,2984,P,"Santana, Raymond",H,8,ABC,,,R0000365,3/11/25,, Danielle Weber,Weber, Danielle,IND,,,,Z,Northridge,CA,91324,Retired,,,,,,25,0,0,4,,,,,,,,,,,,,,,,,,N,N,
2025,5,2984,P,"Santana, Raymond",H,8,ABC,,,R0000142,3/5/25,, Alonzo Weir,Weir, Alonzo,IND,,,,Z,Valley Stream,NY,11580,Sanitation,DPW Village of Hempstead,99,Nichols Court,Hempstead,NY,50,0,0,4,,,,,,,,,,,,,,,,,,N,N,
2025,5,2984,P,"Santana, Raymond",H,8,ABC,,,R0000485,3/13/25,, Christian Williams,Williams, Christian,IND,,,,Z,Jersey City,NJ,07307-221,Writer,Self-Employed,29,Hancock Ave Apt. 2,Jersey City,NJ,25,0,0,4,,,,,,,,,,,,,,,,,,N,N,
2025,5,2984,P,"Santana, Raymond",H,8,ABC,,,R0000100,3/4/25,, Jason Williams,Williams, Jason,IND,,,,M,New York,NY,10035,Maintenance worker,Department of Correction,15,Hazen Street,Queens,NY,50,50,0,4,,,,,,,,,,,,,,,,,,N,N,
2025,5,2984,P,"Santana, Raymond",H,8,ABC,,,R0000147,3/5/25,, Rasheed Young,Young, Rasheed,IND,,,,M,New York,NY,10040,Consultant,Self-Employed,195,Bennett Avenue,New York,NY,250,175,0,4,,,,,,,,,,,,,,,,,,N,N,